0,8x4
1,1Auto
2,Agfa
3,Airwick
4,Ajax
5,Always
6,Alpifresh
7,Amando
8,Ambi Pur
9,Andrelon
10,Apollo
11,Aquafresh
12,Argan
13,At Home
14,Bodysecret
15,Bio-Oil
16,BodyX
17,Clean
18,Capri-Sun
19,Dettol
20,Colgate
21,Dove
22,L Oreal
23,Fa
24,KFS-B-Candles
25,Head And Shoulders
26,Napisan
27,Nivea
28,Oral-B
29,Palmolive
30,Axe
31,Gillette
32,Schwarzkopf
33,Herbal
34,Neutral
35,Blue Wonder
36,Bright
37,Byphasse
38,Diadermine
39,Denim
40,Goldline
41,Kinder
42,Lip Smacker
43,Libresse
44,Montagne Jeunesse
45,Loda
46,Brut
47,Bolsius
48,Dasty
49,Dreft
50,Herbal Essences
51,Farouk
52,Listerine
53,Nicols
54,Glorix
55,Pampers
56,Bel Cosmetic
57,Brylcreem
58,Doctor Clean
59,Glycerona
60,Hansaplast
61,Promo
62,Lenor
63,King
64,Ooops
65,Brise
66,Glade
67,Johnsons
68,Kneipp
69,Minions
70,Op is Op
71,Bref
72,Cif
73,Dash
74,Dumil
75,Durex
76,Cleany
77,Hero
78,OB
79,Odorex
80,BIC
81,Dixan
82,Elmex
83,HL Agenturen
84,Mars
85,Lactacyd
86,Catisfactions
87,Labello
88,Disney
89,
90,Baby
91,Badedas
92,Gemar Balloons
93,Bargje Big
94,Bath Fizzer
95,Bathroom Solutions
96,Victoria Beckham
97,Best for your friend
98,Ben10
99,Beyonce
100,Bien
101,Bigen
102,Bifi
103,Biotex
104,Biotanicus
105,Biotin & Collagen
106,Blue Stratos
107,Bon Giorno
108,Bright Eyes
109,Bruno Banani
110,Burberry
111,Cadbury
112,Calvin Klein
113,Celine Dion
114,Chaudfontaine
115,Chopard
116,Chupa Chups
117,Clearasil
118,Coca-Cola
119,Robijn
120,Coccolino
121,Creation
122,David Beckham
123,Davidoff
124,Davitamon
125,Demak Up
126,Denterest
127,Dermolin
128,Dermomed
129,Dorall
130,Entity
131,Garnier
132,Guess
133,Lifes Up
134,Laser
135,Lion
136,Maybelline
137,MB
138,Mentos
139,Olaz
140,Playboy
141,Sanex
142,Rio
143,Sebamed
144,Sensodyne
145,Shirley
146,Shirley May
147,Spa Secrets
148,Syoss
149,Van Gils
150,De Vergulde Hand
151,Vogue
152,Wilkinson
