00000922-11f6-41a0-9ba0-1adcec554771-1537821865875,https://www.google.nl/
000045e1-e940-41d5-b8bf-618a71456a3f-1529736181872,https://www.google.com/
000051b2-89aa-4ecb-a521-428c3b9624b2-1534418077410,https://www.google.nl/
000050f1-b73e-4999-ba62-f4cc137ee01f-1534926851435,https://www.bing.com/
0000584d-c16a-4f38-be13-0e5f76cdd4ce-1542637693118,https://view.publitas.com/
00001be6-4c10-4779-ba0a-e5472f5143e9-1528631542274,https://www.google.be/,https://www.google.be/,https://www.google.be/
00005a5c-a7ea-411a-bcca-52b830a0b82e-1543591226612,android-app://com.google.android.gm
00005bd3-6da7-473e-8fa5-bb1ad6b402a4-1544462846328,https://www.google.nl/
00005db0-29a6-4ead-baa3-f701ba57871f-1537609489953,https://www.google.nl/
00005f1f-fb66-4b91-88a7-a51f89e389e8-1546244935444,https://www.google.nl/,https://view.publitas.com/,https://view.publitas.com/
00002a77-f4c9-43b2-a153-f66b352a6045-1531678503237,https://www.google.nl/
000062c5-7044-46a7-a429-1f9657996113-1522319474762,http://publicaties.reclamefolder.org/op-is-op-week13-18/page/6-7,http://publicaties.reclamefolder.org/op-is-op-week13-18/page/6-7
00007dd6-82f5-4d04-b66b-84c9411ba1e5-1531679194627,http://m.facebook.com/
000063a4-28f5-4630-9cc5-64130294e281-1539699369866,https://www.google.nl/,https://www.google.nl/
000029a0-d749-4021-b204-ad162a94fbf0-1521835046964,https://www.google.nl/
00002175-6781-45d5-b423-ab2d0680e5fe-1533035552595,https://www.bing.com/
000099ac-09bc-4a35-bbc5-979ed1884775-1525025681573,https://www.google.com/,https://www.google.com/
00009c1d-d5c5-4c6a-8659-0e40653f884c-1527143512556,https://www.google.nl/
000074e6-7ca7-437b-b2fc-f956831439fc-1542135637973,https://www.google.nl/
00008a1a-cd95-467d-96e1-bfd13ae47746-1520501821671,https://startgoogle.startpagina.nl/?ts=ts3&origin=homepage&query=droogtrommeldoekjes,https://startgoogle.startpagina.nl/?ts=ts3&origin=homepage&query=voordeelshop+utrecht
00009b50-b541-48f1-b4e6-7837f01aa90d-1546433896589,https://view.publitas.com/,https://view.publitas.com/
0000a508-73e1-4399-b7be-d5a68e058286-1544359916891,https://www.google.nl/,https://www.google.nl/
000099c1-9863-4bb0-9fa6-705253bb53a6-1531573435518,https://www.google.nl/
0000a8fe-a90b-43d5-9bc7-1b54eeb4cfdb-1542019006401,android-app://com.google.android.gm,https://view.publitas.com/,https://view.publitas.com/
0000e48b-54aa-4130-96c8-cbb4f5eee585-1540145476609,https://view.publitas.com/
0000f4d7-dc62-49ab-a57a-b1573370a4c3-1522062602321,https://www.google.nl/
0000c807-d86c-44dd-be38-5e870a4285de-1521795099243,https://www.google.nl/url?sa=t&rct=j&q=&esrc=s&source=web&cd=1&ved=0ahUKEwjKiea_iILaAhXP2aQKHZ_tCB4QFggvMAA&url=https%3A%2F%2Fwww.opisopvoordeelshop.nl%2Ffilialen%2Fkatwijk&usg=AOvVaw2u0nw-OtgJUmxXurK9F0Ie
0000e0d0-d647-4c1a-b6e5-3c965ba49e39-1521567222522,https://outlook.live.com/
00012097-4e00-4226-bdf1-627fc051064a-1527145159827,https://www.google.nl/
0000e70c-97df-4833-b768-24a49fc9e38d-1542590694647,https://www.spydeals.nl/opisopvoordeelshop/korting-tot-80-tijdens-black-friday-bij-op-is-op-voordeelshop-90443,https://view.publitas.com/op-op-voordeelshop/op-op-voordeelshop-folder-black-friday-week-47/page/2-3?publitas_embed=maximized,https://view.publitas.com/op-op-voordeelshop/op-op-voordeelshop-folder-black-friday-week-47/page/6-7?publitas_embed=maximized
0000f4eb-f008-42f6-9765-ee2691aee660-1521890157811,https://www.google.nl/,https://www.google.nl/,https://www.google.nl/
0001371b-e3b0-4d01-9fe7-f638c5fccb92-1544374462299,https://www.google.com/
00011b3c-389f-4fa5-8540-0f592a70b329-1529241366668,https://www.google.com/url?sa=t&rct=j&q=&esrc=s&source=web&cd=6&ved=0ahUKEwiHn8H249rbAhXNY1AKHW6cAlAQFgh9MAU&url=https%3A%2F%2Fwww.opisopvoordeelshop.nl%2Ffolder&usg=AOvVaw3SZ3V5IKKEDBduhRF6vnyq,https://www.google.com/url?sa=t&rct=j&q=&esrc=s&source=web&cd=6&ved=0ahUKEwiHn8H249rbAhXNY1AKHW6cAlAQFgh9MAU&url=https%3A%2F%2Fwww.opisopvoordeelshop.nl%2Ffolder&usg=AOvVaw3SZ3V5IKKEDBduhRF6vnyq,https://www.google.com/url?sa=t&rct=j&q=&esrc=s&source=web&cd=6&ved=0ahUKEwiHn8H249rbAhXNY1AKHW6cAlAQFgh9MAU&url=https%3A%2F%2Fwww.opisopvoordeelshop.nl%2Ffolder&usg=AOvVaw3SZ3V5IKKEDBduhRF6vnyq
000138dd-37c6-4d98-b2b0-1470a82c135b-1531838534624,https://www.google.nl/
000145f6-7130-44ce-a83f-988a9d68f22a-1542536285085,https://www.google.nl/
00014678-29d1-4c86-93d8-0cce6cd6ae3c-1544192051099,https://www.google.nl/
0001514d-998c-4427-8ad3-2cae2ff8540f-1534936389197,https://www.google.nl/
000154d1-4161-4b5a-b19d-e2f7a215e65a-1543949967703,https://www.google.nl/
0001481d-5fe9-425d-8394-3f4cc2810dd1-1526659821594,https://www.google.nl/,https://www.google.nl/
00016df4-52c8-46fb-b59c-badaf904e6fe-1531150525171,https://view.publitas.com/op-op-voordeelshop/folder-op-op-voordeelshop-week-28-29/page/8?publitas_embed=maximized,https://view.publitas.com/op-op-voordeelshop/folder-op-op-voordeelshop-week-28-29/page/8?publitas_embed=maximized
00018971-4289-40f7-a8ae-c4f49ca27ad1-1533899226745,https://www.google.com/
000167af-51aa-44af-83ee-3eb451cdf2b1-1532440303102,http://m.facebook.com/,http://m.facebook.com/,http://m.facebook.com/
0001ae26-8a45-4995-8b9f-4cde03738fc1-1524560256201,https://checkout.buckaroo.nl/html/redirect.ashx?r=3FE3730EC14F4D2C805E2B5800C3857C
0001a427-abe1-4197-b786-a62827c6114c-1526642945171,https://view.publitas.com/op-op-voordeelshop/folder-op-op-voordeelshop-week-20-1/page/1?publitas_embed=maximized
0001a42f-1ddd-4ca2-bb49-6857b67c6fd8-1524510991188,https://www.google.nl/,https://view.publitas.com/op-op-voordeelshop/folder-op-op-voordeelshop-week-17/page/8-9?publitas_embed=embedded,https://view.publitas.com/op-op-voordeelshop/folder-op-op-voordeelshop-week-17/page/2-3?publitas_embed=embedded,https://view.publitas.com/op-op-voordeelshop/folder-op-op-voordeelshop-week-17/page/4-5?publitas_embed=embedded
0001db6a-751c-4f9f-beb1-3e9b160e6c14-1523991573671,https://www.google.nl/
0001e218-1387-44fb-89e8-09e5b39f1917-1544039429696,https://www.google.nl/,https://www.google.nl/
0001e2fe-be68-4a48-a8ea-804a4350773e-1527335760384,android-app://com.google.android.googlequicksearchbox
0001c852-d3cd-4a9b-a88c-066d7be0e0ce-1526318594846,https://www.google.nl/,https://www.google.nl/
0001e3e9-67a8-491a-8ae3-f27018da273c-1546519629176,https://www.google.nl/,https://www.google.nl/
0001f19c-67d5-4f6e-a105-15fa5ca1688c-1540978809366,https://www.google.nl/
0001f5be-8c5f-4548-a233-77c234034e85-1546352872945,https://checkout.buckaroo.nl/html/redirect.ashx?r=4EFD630A7B674AB68D385614FBBEDE9D
0001e405-33bd-4e3f-afce-c34f1aa7f868-1532013089481,https://www.google.nl/,https://www.google.nl/
000210cc-dece-427d-a1e9-83424927f6e5-1521483814475,https://view.publitas.com/op-op-voordeelshop/folder-op-op-voordeelshop-week-12/page/1?publitas_embed=maximized
00020aa8-ad5c-4e1b-a4bf-85c4bb493c5e-1542205396466,https://mps.telfort.nl/cp/applink/mail/LoadMessageContent?cKey=1542205378878-152121&iframeID=x-mail-msg-iframe-box-1542205378833&cw=1478
0001fa68-dc98-4c0b-a306-85e8cdc69699-1529753102918,http://publicaties.reclamefolder.org/op-op-voordeelshop-week25-18/page/10,http://publicaties.reclamefolder.org/op-op-voordeelshop-week25-18/page/10,http://publicaties.reclamefolder.org/op-op-voordeelshop-week25-18/page/10,http://publicaties.reclamefolder.org/op-op-voordeelshop-week25-18/page/10
00022110-db37-4465-afa6-c368c81e510b-1523527650500,https://www.google.nl/
00022da4-61ce-4abb-8e40-6504861a20e8-1544785603219,https://view.publitas.com/
00023bc7-b20d-4130-beb3-d50117e71cd9-1545579540303,https://www.google.com/
00022e39-9dd1-4a3d-8b17-99857e2805dd-1525009896541,https://www.google.com/,https://www.google.com/
000232d4-8265-42c6-b534-490240363d4f-1529658974604,http://www.google.com/,http://www.google.com/,http://www.google.com/,http://www.google.com/,http://www.google.com/
00026081-b9f1-454c-9ca0-814b68ab1b08-1535629931180,https://www.google.com/,https://www.google.com/,https://www.google.com/
00025413-49f1-439c-8408-1103fc67681d-1526321823090,https://view.publitas.com/op-op-voordeelshop/folder-op-op-voordeelshop-week-20-1/page/1?publitas_embed=maximized
00025328-128b-40ad-baf1-392786df74de-1522309578512,https://startgoogle.startpagina.nl/?ts=ts3&origin=homepage&query=op+is+op,https://startgoogle.startpagina.nl/?ts=ts3&origin=homepage&query=op+is+op
000278f8-37ca-496e-a4ad-3504237bed49-1531337725334,https://www.google.nl/
000266bb-8e4c-4243-871a-8730e832ae98-1538391334020,https://www.google.nl/,https://www.google.nl/
00027f37-7c48-4c68-9df8-c8ab93246c30-1538578942672,https://www.google.nl/
00028fa7-b653-483e-8c49-15f6adc5af9a-1520451013591,https://www.google.nl/,https://www.google.nl/,https://www.google.nl/
000294b5-0846-4664-ac7b-19f11b001244-1540114372544,https://www.google.nl/,https://www.google.nl/
0002b0e2-17a5-4440-9f6f-21b3db67db23-1542894685966,https://checkout.buckaroo.nl/html/redirect.ashx?r=72A97A29362C4BECBFC0924F766773DF
0002d3d2-04f6-4ef5-bf9c-4f04baa54a19-1535391531629,https://www.google.nl/
00028537-c1b1-4e98-a1ca-27854550e901-1521452532341,https://www.google.nl/,https://www.google.nl/,https://www.google.nl/,https://www.google.nl/
0002df40-49dc-4efd-a62f-89eb0e928816-1524688630989,http://www.google.com/
0002f444-4186-46f7-a7db-c57efa19e8ae-1531821549657,https://www.google.nl/,https://checkout.buckaroo.nl/html/redirect.ashx?r=1F66014D2F3C40049B0640480EF118E8
00032fcc-5e27-4890-b07f-431ea975d851-1535901446706,android-app://com.google.android.googlequicksearchbox,android-app://com.google.android.googlequicksearchbox
0003312f-bd72-4226-a34b-4c7bc6a236af-1529919623399,https://outlook.live.com/
00029257-0182-45ad-9290-466bb243d608-1523049602504,android-app://com.google.android.googlequicksearchbox/https/www.google.com,android-app://com.google.android.googlequicksearchbox/https/www.google.com
000333bc-b5e4-454c-9608-d2feea8e22de-1522757850545,https://checkout.buckaroo.nl/html/redirect.ashx?r=7ADA156D836B4EBD93F491F4E8EC87FD
000352f1-6669-48a3-99a1-f1b0f3a65318-1530614170757,https://www.google.nl/url?sa=t&rct=j&q=&esrc=s&source=web&cd=1&ved=0ahUKEwjuiK2N3oLcAhVC6KQKHR0SC4QQFggoMAA&url=https%3A%2F%2Fwww.opisopvoordeelshop.nl%2Ffilialen%2Fculemborg&usg=AOvVaw2j7zGR4oatk7zF1SF1Lr0z,https://www.google.nl/url?sa=t&rct=j&q=&esrc=s&source=web&cd=1&ved=0ahUKEwjuiK2N3oLcAhVC6KQKHR0SC4QQFggoMAA&url=https%3A%2F%2Fwww.opisopvoordeelshop.nl%2Ffilialen%2Fculemborg&usg=AOvVaw2j7zGR4oatk7zF1SF1Lr0z
00035194-d38d-4067-bf2f-b879d964c244-1534771821389,https://view.publitas.com/op-op-voordeelshop/folder-op-op-voordeelshop-week-34/page/1?publitas_embed=maximized,https://view.publitas.com/op-op-voordeelshop/folder-op-op-voordeelshop-week-34/page/4-5?publitas_embed=maximized,https://view.publitas.com/op-op-voordeelshop/folder-op-op-voordeelshop-week-34/page/4-5?publitas_embed=maximized
000354db-82c2-4172-9285-b57d7edcd530-1545581137493,https://www.google.com/
00034caa-3f08-49a8-9659-2aecbc8940f6-1528803025315,https://checkout.buckaroo.nl/html/redirect.ashx?r=3947163D767C4A8CADD1E61D7AD7DBB9,https://checkout.buckaroo.nl/html/redirect.ashx?r=29C2B289EEA64BBF9E4BA6C0BE378F2F
00038c7c-d7f1-4a24-8e25-d2898ef7a02f-1530110076388,https://www.google.nl/
00037da0-d9f4-49b3-8dc9-84a61383ad9d-1539865842861,https://www.google.nl/,https://view.publitas.com/
00036e22-e689-406f-a96b-67a48a3e45b5-1541748925628,https://www.google.com/,https://www.google.com/
00039f78-46ce-4cb9-953c-fbc19a6afb17-1544018366656,https://www.google.com/
0003941b-d0bf-436a-b943-4e35a291deb9-1536386459576,https://www.google.nl/
0003c41b-cdd2-48b9-80d6-f801b5ffd509-1523530043784,https://www.google.nl/
0003a949-c49e-4ece-846c-51bd0be93607-1544811382945,https://www.google.com/
0003c7b0-0fc7-47f6-b405-e506a9c0a326-1523994972537,https://www.google.com/,https://www.google.com/
000398ea-00a3-4032-8e18-b8dda7b861c5-1543480159352,https://www.google.nl/url?sa=t&rct=j&q=&esrc=s&source=web&cd=1&ved=2ahUKEwjekp7Ql_neAhVGa1AKHVnEDmEQFjAAegQIABAC&url=https%3A%2F%2Fwww.opisopvoordeelshop.nl%2F&usg=AOvVaw1meU9n6Z5OkEnjXiUAhwR3,https://www.google.nl/url?sa=t&rct=j&q=&esrc=s&source=web&cd=1&ved=2ahUKEwjg2omzqfneAhUQalAKHU-ZBT8QFjAAegQIBRAC&url=https%3A%2F%2Fwww.opisopvoordeelshop.nl%2F&usg=AOvVaw1meU9n6Z5OkEnjXiUAhwR3,https://www.google.nl/url?sa=t&rct=j&q=&esrc=s&source=web&cd=1&ved=2ahUKEwjw0ZXw0PneAhXRblAKHZpKCWkQFjAAegQIBRAC&url=https%3A%2F%2Fwww.opisopvoordeelshop.nl%2F&usg=AOvVaw1meU9n6Z5OkEnjXiUAhwR3
0003f15b-3322-455e-a8ef-ca3624526126-1540751124201,https://www.google.nl/
0003daa4-c662-47e3-bfe1-00be7a3f598b-1533454867007,https://www.google.nl/
0003ffbf-18d6-4723-9990-5edd317129af-1530020320058,https://www.google.nl/url?sa=t&rct=j&q=&esrc=s&source=web&cd=1&ved=0ahUKEwiTiefpufHbAhUQKVAKHQT8CVsQFggoMAA&url=https%3A%2F%2Fwww.opisopvoordeelshop.nl%2Ffilialen%2Frenkum&usg=AOvVaw0w373QiJQb6ENviqI_9JyJ
0003917a-59d4-4eeb-a4c5-18ded7a42bbd-1544640920229,https://www.google.com/,https://www.google.com/
00037997-7598-4b84-90e6-5679a03771a2-1542842728560,https://www.google.nl/
0003b7f0-087a-4311-8dc3-025cd149e20b-1538077231252,https://www.google.com/,https://www.google.com/,https://www.google.com/,https://www.google.com/,https://www.google.com/,https://www.google.com/
0003675c-2540-4642-a1eb-9d930789523e-1522171021333,"https://www.google.nl/search?q=at+home+clean+vaatwastabletten&sa=X&biw=412&bih=718&tbs=vw:l,ss:44&tbm=shop&prmd=sivn&srpd=11683417797451499955&prds=num:1,of:1,epd:8055876691156016392,paur:ClkAsKraX4jYIubXhnioBZ1eq7T9va_Qc1U609J6ASdqJ0eURdNH9PqywO8R9QuarKHaQYVw15WJOlydNwo3rEDHC3WQSk14wz_Q63McpXkBaUUKjSg1L0EdJhIZAFPVH72YjqQuoMm6sQAE-rcqfsiVwF0WVA,cid:2040389668996103427&ved=0ahUKEwiV38vSgI3aAhUBbFAKHU0fCuYQgjYIiQI"
00042704-139f-47fe-9a62-482802529301-1534855326815,https://www.google.nl/
00043052-0a48-4dc6-9a15-56bff704439d-1532085707745,https://www.google.nl/
00042c0a-50b0-40b8-81df-df36c6cb792a-1527932671838,https://www.google.nl/url?sa=t&rct=j&q=&esrc=s&source=web&cd=1&ved=0ahUKEwiA8_Xc2LTbAhVHh6YKHQtvDOYQFggtMAA&url=https%3A%2F%2Fwww.opisopvoordeelshop.nl%2Fgratisshoppen&usg=AOvVaw0wXVDZv1nctIi9uFHrCMVx,https://www.google.nl/url?sa=t&rct=j&q=&esrc=s&source=web&cd=1&ved=0ahUKEwicyOCz2bTbAhVGBSwKHSSsAG8QFggqMAA&url=https%3A%2F%2Fwww.opisopvoordeelshop.nl%2Fgratisshoppen&usg=AOvVaw0wXVDZv1nctIi9uFHrCMVx,https://www.google.nl/url?sa=t&rct=j&q=&esrc=s&source=web&cd=1&ved=0ahUKEwjavKvP2bTbAhXIEiwKHfILCi0QFggqMAA&url=https%3A%2F%2Fwww.opisopvoordeelshop.nl%2Fgratisshoppen&usg=AOvVaw0wXVDZv1nctIi9uFHrCMVx
000454ba-0de8-4666-927a-45168f5767dc-1527075600316,https://www.google.com/
00043192-3c5d-4b79-807f-8bfd6d6ede3b-1526054914138,https://www.google.nl/
00046211-e514-4b55-815b-2730b012d925-1545002680267,https://www.google.com/,https://view.publitas.com/
00047b55-fe8b-4d88-8865-2244909da03e-1541946937835,https://www.google.com/,https://www.google.com/,https://www.google.com/
000480d2-88bb-472a-a40d-ae48ad5b46de-1538060192301,https://www.google.nl/url?sa=t&rct=j&q=&esrc=s&source=web&cd=9&ved=2ahUKEwi6n5zOt9vdAhVNJVAKHSPRBYQQFjAIegQIAxAB&url=https%3A%2F%2Fwww.opisopvoordeelshop.nl%2Fgezond-verzorging%2Fseksualiteit%2Fvibrators-en-dildo-s&usg=AOvVaw2GOuRJT93KUwP-Z7uk_ZOV
000493a1-655d-4263-a1b8-5ab546928d00-1529417706905,http://www.google.com/,http://www.google.com/
0004a43e-2399-4079-a473-019528c4b829-1529573606165,https://www.google.nl/
0004bfe4-853d-4623-af13-94b79bd1432d-1540538833103,https://www.google.nl/
0004b4f3-89a8-4701-b4a1-debbe4adb8a7-1523561872720,https://view.publitas.com/op-op-voordeelshop/folder-op-op-voordeelshop-week-15/page/6-7?publitas_embed=embedded
0004c43e-298d-4c1e-80cd-6a96ee944089-1539070247561,https://view.publitas.com/op-op-voordeelshop/folder-op-op-voordeelshop-week-41-2018/page/2-3?publitas_embed=maximized,https://view.publitas.com/op-op-voordeelshop/folder-op-op-voordeelshop-week-41-2018/page/2-3?publitas_embed=maximized
0004e927-350a-43ca-9f72-653de2d734fe-1529751527862,https://www.google.nl/
00050c0a-6f36-4c34-b251-f35092aae6ca-1525086479084,http://www.google.nl/
0004fdf5-a493-4ea0-a283-8c2b3f9896bf-1522247697807,https://www.google.nl/
0004f76c-c6da-4a08-ac41-0585f454e91c-1543309920515,https://www.google.nl/
00051115-357a-404e-93ea-33d7eb06fcd0-1545559016720,https://view.publitas.com/op-op-voordeelshop/op-op-voordeelshop-folder-week-51-vpbllq3y9g76/page/5?publitas_embed=maximized
00051a44-2238-4e6f-b9fc-694e68cfbb2c-1524148327380,https://www.google.nl/
000522b2-95dd-41a4-ac39-b1f3a4fd94fc-1532860928472,https://www.google.nl/
00050fce-1eef-4d2a-9c67-6ddd10661fad-1522660903115,https://www.google.nl/
00050d98-9bbd-4bd5-a259-1fca8cf12d9d-1543236022184,https://www.google.nl/,https://www.google.nl/,https://www.google.nl/
00052fd5-b440-4645-b290-6b9fb0278c99-1541244354641,https://www.google.nl/
000530a7-f805-476a-b0e0-6b9d4831aa2e-1546710525637,https://www.google.com/
00053df5-64ee-41e4-b28d-506895f6a080-1520253903810,https://view.publitas.com/op-op-voordeelshop/folder-op-op-voordeelshop-week-10/page/2-3?publitas_embed=embedded
00054f92-322f-440a-ad48-9e0cf5e63348-1520245488057,https://www.google.nl/
000540c5-46ff-481f-b314-bca9225c444c-1527935682857,https://startgoogle.startpagina.nl/?ts=ts3&origin=homepage&query=op+is+op
00054ffc-22eb-4310-b654-1c20ecc7c3f5-1530973781084,android-app://com.google.android.googlequicksearchbox
00056e7a-f45d-4abd-b6e8-944dc1b7a777-1538136346276,https://www.google.nl/
0005712a-e718-4db5-88e3-b99769ce9a0b-1538084093140,https://www.google.com/
00055600-6441-4aa5-8ebc-5d7d75a563f8-1531602169193,https://view.publitas.com/op-op-voordeelshop/folder-op-op-voordeelshop-week-28-29/page/1?publitas_embed=embedded,https://view.publitas.com/op-op-voordeelshop/folder-op-op-voordeelshop-week-28-29/page/1?publitas_embed=embedded,https://checkout.buckaroo.nl/html/redirect.ashx?r=7D53D62807AD4B59A48C6DFC7456DDC4
00047d5f-bb00-4792-adb2-6e98b15fb1e4-1530459420847,android-app://com.google.android.googlequicksearchbox/https/www.google.com,android-app://com.google.android.googlequicksearchbox/https/www.google.com,android-app://com.google.android.googlequicksearchbox/https/www.google.com,android-app://com.google.android.googlequicksearchbox/https/www.google.com,https://view.publitas.com/op-op-voordeelshop/folder-op-op-voordeelshop-week-26-27-1/page/1?publitas_embed=maximized,https://view.publitas.com/op-op-voordeelshop/folder-op-op-voordeelshop-week-26-27-1/page/1?publitas_embed=maximized,https://view.publitas.com/op-op-voordeelshop/folder-op-op-voordeelshop-week-26-27-1/page/4-5?publitas_embed=maximized,https://view.publitas.com/op-op-voordeelshop/folder-op-op-voordeelshop-week-26-27-1/page/4-5?publitas_embed=maximized
0005b415-f206-46f9-ac47-71eb1d7af62d-1532935053755,https://www.google.nl/
0005a85a-ab81-44ca-bdd4-086051e2c5c8-1532369446689,https://www.google.nl/
0005a804-5045-416d-9d74-facf1040db1f-1539627983126,https://view.publitas.com/op-op-voordeelshop/folder-op-op-voordeelshop-week-42-2018/page/1?publitas_embed=maximized,https://view.publitas.com/op-op-voordeelshop/folder-op-op-voordeelshop-week-42-2018/page/1?publitas_embed=maximized
0005c1e7-ddc3-461b-9425-7cd2898aa7e3-1524860090593,http://www.google.com/
0005d0d9-b3e2-45c6-a785-268ee3c06ecb-1529315963524,android-app://com.google.android.googlequicksearchbox,android-app://com.google.android.googlequicksearchbox
0005cf00-ab18-40df-b4ef-15048f0a6bb2-1537273312679,https://www.google.com/,https://www.google.com/,https://www.google.com/
000601ca-d84c-47e5-8723-d1362caa5f20-1535753103936,https://www.google.nl/,https://www.google.nl/
000606d2-86ba-4210-afbf-34eb191dd2af-1530351669570,https://www.google.com/
00060d67-264d-4ee6-9050-177ccbc646bf-1521061404593,https://www.google.nl/
0006076c-3673-4e3e-aae8-76814bef6b99-1532277830843,android-app://com.google.android.googlequicksearchbox,android-app://com.google.android.googlequicksearchbox
0005fb3a-ff69-42af-aa5a-0c290d7fd946-1541343625480,https://www.google.com/,https://www.google.com/
0005dd76-d9f6-42dc-9b16-918491e145b8-1540843181183,https://www.google.com/
0006176c-c63f-482f-9f0f-58dbe150c34e-1527689738557,android-app://com.google.android.googlequicksearchbox
00061c00-9eb0-4852-a212-0accb7510293-1527842283306,https://www.google.nl/
00064e11-bd4e-4d94-b7e7-adca27ef4e2a-1545150828700,https://checkout.buckaroo.nl/html/redirect.ashx?r=B3F27832E6044C9AA66D344CA618EFC1
00064e6b-16b1-466a-a952-7e909e99b7c2-1537718674428,https://www.google.nl/
0006414b-397b-4a07-937d-472fc2c6ee0e-1522735973290,https://www.google.nl/
00065b99-8cb8-4b40-a155-e979c3558cae-1536314599039,https://checkout.buckaroo.nl/html/redirect.ashx?r=F1A7592CB50B4976AC26291BE321A6AF
000678e3-ff15-4f9b-b567-cc1b629158c0-1534613790533,https://www.google.nl/
000626b2-a272-42ae-aac6-a5c89aee6578-1527673432699,https://www.googleadservices.com/pagead/aclk?sa=L&ai=DChcSEwjN7J3_kq3bAhVVh9UKHUP9CwwYABABGgJ3cw&ohost=www.google.com&cid=CAASE-RoHPvyxNIDd2b4H2eRj3ReaEQ&sig=AOD64_34Dxr-Idt5j-cNj76vkgj6Dp0M3w&ctype=5&rct=j&q=&ved=0ahUKEwjyipr_kq3bAhUNy6QKHTGkBHYQ9aACCDA&adurl=,https://www.google.com/url?sa=t&rct=j&q=&esrc=s&source=web&cd=1&ved=0ahUKEwjqhIPfqK3bAhUDzaQKHZlaCOYQFgheMAA&url=https%3A%2F%2Fwww.opisopvoordeelshop.nl%2F&usg=AOvVaw1meU9n6Z5OkEnjXiUAhwR3
0006806b-831b-4f62-b9d9-f85efcdd04af-1539541118241,https://www.google.com/
00065333-ee1f-470e-897e-fb0f93bd7d54-1524593376739,https://www.google.nl/url?sa=t&rct=j&q=&esrc=s&source=web&cd=1&ved=0ahUKEwiFtuXxwNPaAhWKGuwKHY0KBUwQFggnMAA&url=https%3A%2F%2Fwww.opisopvoordeelshop.nl%2F&usg=AOvVaw1meU9n6Z5OkEnjXiUAhwR3,https://www.google.nl/url?sa=t&rct=j&q=&esrc=s&source=web&cd=1&ved=0ahUKEwiFtuXxwNPaAhWKGuwKHY0KBUwQFggnMAA&url=https%3A%2F%2Fwww.opisopvoordeelshop.nl%2F&usg=AOvVaw1meU9n6Z5OkEnjXiUAhwR3
00063aca-813f-4f6e-add2-7b37dbd80daf-1528114981139,https://www.google.nl/,https://www.google.nl/,https://www.google.nl/
00069fa6-96fb-4e05-aeca-20d45e05d0df-1545652203649,https://www.google.com/
000693b5-e59a-4327-912f-3345adaa1879-1532941111643,https://www.google.com/
00067474-775c-478f-b145-483ad9eb4eb4-1525165989000,https://view.publitas.com/op-op-voordeelshop/folder-op-op-voordeelshop-week-18/page/2-3?publitas_embed=maximized
0006d506-3f45-4069-81ce-0b1e71a18a3c-1540410767988,https://www.google.com/
0006c3a7-9eb1-4d2e-9e3d-210e287fe38b-1529393500574,https://www.google.nl/,https://www.google.nl/
0006d97b-c510-4112-acd6-3314349bc974-1530968763160,https://www.google.nl/
0006e853-d439-4def-a7b3-2f28e692d6a0-1520245141677,https://www.google.nl/
0006e96c-949c-46d2-8fc6-99bef12d774e-1540843800108,https://www.google.nl/
0006f266-247b-4ea5-8ac5-269b2b68edf9-1541718725246,https://www.google.be/
0006f26e-82b4-4e9c-8a49-33007c63b662-1527109234216,https://www.google.com/,https://www.google.com/,https://www.google.com/
0006fb18-e308-456a-9887-4a12e1908e27-1539948273524,https://www.google.com/
000701bc-db2f-444d-9295-32c51a31a106-1525876534747,https://www.google.nl/
0007002f-1d91-411d-97be-ee73d1b15326-1546508068891,https://www.google.com/
00071a09-7f02-4bb6-bd5d-1b44ec3cbf6b-1541351697704,https://www.google.nl/
0007177b-4a1b-4906-ad01-b4e2383b6aab-1546122810523,https://www.google.com/
0007226d-700b-422c-a675-3c80bef26cfd-1521130524425,http://www.google.com/
000720ec-5a01-49d5-9fa5-0e8213426da3-1539940383510,https://www.google.nl/
00072735-8237-4c5a-b9d7-3cdcf9c24533-1527247474096,https://www.google.nl/
00072f60-2143-4a21-bad5-5692fb24311c-1535533296770,https://www.google.nl/,https://www.google.nl/
00073d86-895a-498d-8c30-b47d0de1c026-1521040823225,https://www.google.nl/,https://www.google.nl/,https://www.google.nl/,https://www.google.nl/,https://view.publitas.com/op-op-voordeelshop/folder-op-op-voordeelshop-week-11/page/8-9?publitas_embed=maximized
00075c5d-a903-43d1-b743-1e77381b539a-1545562123265,https://view.publitas.com/,https://view.publitas.com/
00076dfc-4ddb-4061-935e-d2ea1b42315a-1536232861083,https://www.google.nl/url?sa=t&rct=j&q=&esrc=s&source=web&cd=1&ved=2ahUKEwjomd2qoabdAhVmk4sKHUfFDvEQFjAAegQIBRAC&url=https%3A%2F%2Fwww.opisopvoordeelshop.nl%2F&usg=AOvVaw1meU9n6Z5OkEnjXiUAhwR3
0007962e-1046-4bf6-b5e9-fb49f67ebaf9-1529740714440,android-app://com.google.android.googlequicksearchbox,android-app://com.google.android.googlequicksearchbox
00078ce4-394f-4fd9-ae7c-bf50654fa06a-1541267113024,https://view.publitas.com/op-op-voordeelshop/kappersfolder-op-op-voordeelshop-week-44-2018/page/1?publitas_embed=maximized
00073ed0-8757-4a90-a0a7-33e228b2dd2c-1546613869719,https://www.google.com/,https://view.publitas.com/,https://view.publitas.com/,https://view.publitas.com/,https://view.publitas.com/
000789d3-409b-4ac2-a82c-df70afc34e6f-1533323895349,https://www.google.nl/,https://www.google.nl/,https://www.google.nl/
00079639-2c21-4324-a898-5568a432df01-1544348558303,https://www.google.com/
00077c50-5783-4907-8232-5d8546deb551-1545296745126,https://view.publitas.com/
00079a2b-5c34-4f43-8c94-0bb720d4901c-1541614366130,https://www.google.com/
0007a496-ea5c-4b20-9267-08fe89036ff3-1533141643337,https://www.google.nl/
0007a92a-125f-4f22-af33-d56fd6563c3e-1522960924113,https://www.google.com/
0007bcd1-dab5-419c-b9f9-eb9b16bfec18-1525806798843,https://www.google.nl/
0007a5df-5fa2-420b-8ce0-58764476227c-1533985559737,https://www.google.nl/,https://www.google.nl/
0007aa21-84a3-4cf0-9f38-08454992c6c5-1524740383828,https://www.google.nl/,https://www.google.nl/
0007e783-c3f3-463d-aedc-e1e85e08c0f7-1543416081196,https://www.google.nl/
00081890-98a4-4001-a831-178d0d062381-1527256835371,https://www.google.nl/
00081ac9-5329-4ad0-a385-5cb145c1ddfb-1541164262493,https://werkenbijopisop.nl/vacatures?per_page=10&page=10
00082b3a-c700-4b37-9cfd-43956ddfd760-1532177697099,https://www.google.nl/,https://www.google.nl/
000819da-6cb4-41c5-a9fd-4f1d50b06179-1544037465573,https://www.google.com/,https://www.google.com/
00080838-c357-4866-a438-0f2058e4f670-1529331760441,https://www.google.com/,https://www.google.com/
0008469d-865e-494d-8b84-fa9c540853d6-1545843365513,https://www.google.com/
000848c5-ef1e-42dd-955a-19ab1e72543f-1544370089049,https://www.google.com/
00086974-cffb-43d9-a432-acd3b0a0a8ec-1529608432285,https://www.google.nl/url?sa=t&rct=j&q=&esrc=s&source=web&cd=16&ved=0ahUKEwj2wKXvuuXbAhVBy6QKHUT-COcQFgj7AjAP&url=https%3A%2F%2Fwww.opisopvoordeelshop.nl%2Fvicks-vapoplus72gr-dropsmaak&usg=AOvVaw2hL-A8orbJIL2OwMP-LLKz
0008890c-57d4-404a-9c65-a794da80b01c-1544390517032,https://www.google.nl/
00087805-80d9-43fc-a5df-6b52cd593f7e-1519759166083,http://www.kiesproduct.nl/q/Dreft?gclid=CjwKCAiAoNTUBRBUEiwAWje2lsI0x3sRrNVIqhbbkeAeW5-hupN1HMPkW-jcbbEnW7yd9k9m0C_A9BoCejwQAvD_BwE
000894b4-d0f9-47d9-82ed-86fe8dd6de9f-1543061861894,https://www.google.nl/
00087557-54ff-4d07-a8af-98588c925d6c-1530308264210,http://m.facebook.com/,http://m.facebook.com/
00089a19-90f6-4e96-a95c-8716b21f96a7-1534425168721,https://www.google.nl/
00086afe-dd2e-47a3-9923-3a26493b52cc-1530011302804,android-app://com.google.android.googlequicksearchbox,android-app://com.google.android.googlequicksearchbox,android-app://com.google.android.googlequicksearchbox,android-app://com.google.android.googlequicksearchbox,https://view.publitas.com/op-op-voordeelshop/folder-op-op-voordeelshop-week-26-27-1/page/2-3?publitas_embed=maximized,https://view.publitas.com/op-op-voordeelshop/folder-op-op-voordeelshop-week-26-27-1/page/2-3?publitas_embed=maximized,https://view.publitas.com/op-op-voordeelshop/folder-op-op-voordeelshop-week-26-27-1/page/2-3?publitas_embed=maximized
00089e4a-7071-4e8b-a1c7-7798931be254-1520258340184,https://www.google.nl/
0008a9f0-cb3f-4743-88a9-158753fd9ab2-1529863944096,https://www.google.nl/
00089088-21f1-4c26-8ab9-ea27a43a30fc-1546522713877,https://www.google.nl/
0008b20a-9b6b-437b-9493-1de36e4b8f9a-1528702577537,https://www.google.nl/
0008b9b0-fb4a-4232-b509-37e5bbc262d4-1535457680563,https://view.publitas.com/op-op-voordeelshop/folder-op-op-voordeelshop-week-35-1/page/1?publitas_embed=maximized
000896c4-4f5f-42ca-ab74-5540766e40da-1542992323920,https://www.google.com/,android-app://com.google.android.googlequicksearchbox/https/www.google.com
0008bff1-5a0c-461f-bb0d-9970d69c8db7-1537790418180,https://mps.kpnmail.nl/cp/applink/mail/LoadMessageContent?cKey=1537790884709-36452&iframeID=x-mail-msg-iframe-box-1537790405450&cw=1185,https://view.publitas.com/op-op-voordeelshop/folder-op-op-voordeelshop-week-39/page/2-3?publitas_embed=embedded
0008bffa-1fbf-4fa6-b6b9-cf303f0f4886-1544894143000,https://www.google.nl/,https://www.google.nl/,https://www.google.nl/,https://www.google.nl/
0008dd85-8844-48c5-b95b-c435ccd50e2a-1528463823985,https://www.google.nl/
0008ccae-05f7-4e9a-8f54-af4ac72c3b66-1545766031868,https://www.google.nl/,https://view.publitas.com/,https://view.publitas.com/,https://view.publitas.com/
0008da8e-67f7-40f6-8d84-5e72a4a101bc-1522912453345,https://www.bing.com/
00087a87-14af-49e4-89ba-a430dca9f8a1-1537808158886,https://www.google.nl/,https://www.google.nl/,https://view.publitas.com/op-op-voordeelshop/folder-op-op-voordeelshop-week-39/page/4-5?publitas_embed=maximized,https://view.publitas.com/op-op-voordeelshop/folder-op-op-voordeelshop-week-39/page/4-5?publitas_embed=maximized,https://view.publitas.com/op-op-voordeelshop/folder-op-op-voordeelshop-week-39/page/4-5?publitas_embed=maximized
00086fad-2bb6-47c6-a9dd-f726874db4b9-1538650435016,https://www.google.nl/
0008ea5b-436d-44a6-93f9-dcf3915de988-1530569661410,https://www.google.nl/
0008f5eb-4844-4c29-94bd-3baac6190081-1530378862754,https://lm.facebook.com/,https://lm.facebook.com/
0008fb49-acb2-4f07-9fb0-fd94b81abec1-1521583177291,https://www.google.nl/
00091c58-2a66-430d-86e1-ca78b58458b5-1538504583480,https://www.google.nl/aclk?sa=l&ai=DChcSEwj6rbDQr-jdAhWD5HcKHZxOA_QYABAGGgJlZg&sig=AOD64_3iS6FhQbe8thXp6ywJ2n7pgEYhQg&ctype=5&rct=j&q=&ved=0ahUKEwjtz6rQr-jdAhVRIlAKHbxpBcQQ9aACCDY&adurl=
0008ff9c-4470-4913-9ff0-a35876973156-1537381222794,https://www.google.nl/
0009201b-ddcb-4993-92e1-d61b30dbd3c0-1540226282574,https://view.publitas.com/,https://view.publitas.com/,https://view.publitas.com/
00092fc2-1c93-46a6-aefa-4c7638429362-1537800916180,https://www.google.com/
00093d5f-ecf0-4980-93bf-1f8f275f5734-1537980436415,https://www.cashze.nl/pages/ptc.php?blur=1&startpos=0
00093f74-8f01-4d25-9c44-48bb2b9e1995-1529414408925,https://www.google.nl/
00092869-51f0-42eb-a809-c2f06333228a-1528532542902,https://view.publitas.com/op-op-voordeelshop/folder-op-op-voordeelshop-week-23-24-1/page/10?publitas_embed=embedded,https://view.publitas.com/op-op-voordeelshop/folder-op-op-voordeelshop-week-23-24-1/page/10?publitas_embed=embedded
00091ce9-36e3-4f77-958d-3ce8132fd2ba-1522323270755,https://www.google.nl/url?sa=t&rct=j&q=&esrc=s&source=web&cd=1&ved=0ahUKEwirlbaDuJHaAhVlCcAKHVd4CLoQFggnMAA&url=https%3A%2F%2Fwww.opisopvoordeelshop.nl%2F&usg=AOvVaw1meU9n6Z5OkEnjXiUAhwR3
00096b04-081d-43ca-9b1b-658c1dd44a26-1521061749651,"https://www.google.nl/search?q=hittebeschermer+haar&client=safari&sa=X&hl=nl-nl&biw=375&bih=635&tbs=vw:l,ss:44&tbm=shop&prmd=imsvn&srpd=416075417348889262&prds=epd:17164614740561979160,paur:ClkAsKraX7TgG0T2V-N6Dyf26DiBUYaHp4e4qlRSwUnKgMWyXXfMDFtQBVSZSsaNs4R6Zzid9QUYrb43fCglnH5ch0z12fGNJGrvdgW_h5RCmCqfQDyvt_iDdxIZAFPVH73grt3lm82mane8ymuuNos9KffoSg,cdl:1,cid:5901632752184898377&ved=0ahUKEwjE8Zj_zuzZAhXDC8AKHTMWDe0QgTYI0AI"
0009787f-dcc1-4fe9-8735-3826fbd28729-1537888221676,https://www.google.nl/,https://www.google.nl/
00096898-3cc4-45bf-883b-4d4553e126aa-1528633171099,http://www.kiesproduct.nl/q/Parodontax?gclid=EAIaIQobChMIidzE5onJ2wIVwx0YCh28RAqUEAEYAiAAEgKPqvD_BwE,http://www.kiesproduct.nl/q/Parodontax?gclid=EAIaIQobChMIidzE5onJ2wIVwx0YCh28RAqUEAEYAiAAEgKPqvD_BwE,http://www.kiesproduct.nl/q/Parodontax?gclid=EAIaIQobChMIidzE5onJ2wIVwx0YCh28RAqUEAEYAiAAEgKPqvD_BwE
00097919-af33-4057-b302-e27e0cc5a00f-1531967781261,https://www.google.com/,https://www.google.com/,https://www.google.com/,https://www.google.com/
00097935-203e-4fe5-8cd4-3ec6b6380e33-1525772277551,https://view.publitas.com/op-op-voordeelshop/folder-week-19-op-op-voordeelshop-1/page/1?publitas_embed=maximized,https://view.publitas.com/op-op-voordeelshop/folder-week-19-op-op-voordeelshop-1/page/2-3?publitas_embed=maximized
00099eaa-d2bb-4259-8982-7e8e859b88c9-1529746944652,https://www.google.com/
0009a0bf-b589-465f-bc59-130e68062762-1524655992995,https://www.google.nl/
0009a5c3-8b06-4616-87ba-941d8feb3329-1529185865751,android-app://com.google.android.googlequicksearchbox
0009c325-971c-483d-adb4-43da8ba42ff5-1519920578580,https://www.kpnvandaag.nl/
0009568c-0161-4fb5-8b09-2b18b95b3c42-1523799041021,https://search.yahoo.co.jp/,https://search.yahoo.co.jp/,https://www.google.co.jp/,https://www.google.co.jp/,https://www.google.co.jp/,https://www.google.co.jp/,https://www.google.co.jp/
0009d84b-8bdc-4f47-a438-47b743b23dfd-1542911678489,https://www.google.nl/
0009a890-0d83-4178-8bf9-fe2bbad3eea0-1526906338582,https://www.google.nl/,https://www.google.nl/,https://www.google.nl/,https://www.google.nl/
0009d367-17cf-4387-bd84-5fc7df61b33f-1542990188644,https://www.google.com/
0009fb7f-6f32-4adb-a271-f3885637a815-1527533005164,https://www.google.nl/
0009f2bb-ea0b-41c4-a6c9-8b4b9a76dc7f-1524678077553,https://www.google.nl/
0009f103-b40e-4ea2-939e-a53f1a2682e9-1520853982759,https://www.google.nl/,https://view.publitas.com/op-op-voordeelshop/folder-op-op-voordeelshop-week-11/page/6-7?publitas_embed=maximized
0009dc5a-67db-4b53-b60d-4dda8bc060d2-1534768301817,https://outlook.live.com/,https://outlook.live.com/
0009eb74-f9d5-4f5f-80a4-2c6b26cf3225-1524593379031,https://www.google.nl/,https://checkout.buckaroo.nl/html/redirect.ashx?r=A8DCB7E762874C1C8E81A7A099F5E357
000a1970-9309-436d-91df-7325c21d19e8-1543403505886,https://www.google.nl/
0009fc6d-d9a5-44d8-8e24-8ca13afcba05-1524390410514,https://www.google.com/,https://www.google.com/
000a1243-66d9-4684-8843-abbed2442051-1526358218189,https://mail.ziggo.nl/appsuite/signin,https://view.publitas.com/op-op-voordeelshop/folder-op-op-voordeelshop-week-20-1/page/1?publitas_embed=maximized,https://view.publitas.com/op-op-voordeelshop/folder-op-op-voordeelshop-week-20-1/page/2-3?publitas_embed=maximized,https://view.publitas.com/op-op-voordeelshop/folder-op-op-voordeelshop-week-20-1/page/4-5?publitas_embed=maximized
0009df9a-ceac-4bba-8578-5ded848a85cc-1537264315368,https://www.google.nl/url?url=https://www.opisopvoordeelshop.nl/&q=opis&rct=j&sa=X&source=suggest&ct=res&oi=suggest_nav&usg=AOvVaw058OVE4go9IkkDH3fFrey4&oq=opis&gs_l=mobile-gws-wiz-hp.1.4.0i131j0l3j5.1167.3102..5506...0.0..0.79.262.4......0....1.......3..41.oZxn8w2TP38
000a23ec-dc78-4705-8da3-9e1d84eb700d-1523196897477,https://www.google.nl/
000a412d-f907-4563-92a6-6f7e7142fcf8-1538380372465,https://www.google.nl/
0009a152-1768-4e0e-8742-508826456de5-1536919085306,https://checkout.buckaroo.nl/html/redirect.ashx?r=1965A9896D4C42D8AD25F540DD47C1ED
000a4331-1e25-4f37-83b2-31f237cca5f9-1544554377787,https://www.google.com/
000a3b33-acf1-4e09-993c-c4a1f160ce78-1531397438031,https://www.google.be/,https://www.google.be/
000a3e8a-71a5-4457-b613-6dc073eeed58-1541750259763,https://www.bing.com/search?q=op%3dop+voordeelshop&form=EDGEAR&qs=AS&cvid=c56d7d0e4a994670868a48158c1adbb8&cc=NL&setlang=nl-NL&PC=LCTS,https://www.bing.com/search?q=op%3dop+voordeelshop&form=EDGEAR&qs=HS&cvid=a2cafa991fdb428f8b8fdb17eb304ac7&cc=NL&setlang=nl-NL&PC=LCTS,https://www.bing.com/search?q=op%3dop+voordeelshop&form=EDGEAR&qs=HS&cvid=a2cafa991fdb428f8b8fdb17eb304ac7&cc=NL&setlang=nl-NL&PC=LCTS,https://www.bing.com/search?q=op%3dop+voordeelshop&form=EDGEAR&qs=HS&cvid=a2cafa991fdb428f8b8fdb17eb304ac7&cc=NL&setlang=nl-NL&PC=LCTS
000a3176-8cb7-4033-973b-ea3e36c3c52d-1545038452046,https://www.google.com/,https://www.google.com/
000a2f3d-a810-4917-b60a-b215f4b18a8e-1529424289676,https://www.google.nl/,https://checkout.buckaroo.nl/html/redirect.ashx?r=2B657E7EBA2E4590992562CEB6167EA1
000a5fab-9a85-4d60-8e3c-fdd490bfe9f5-1523002779993,http://www.google.com/,http://www.google.com/
000a7666-95d9-4e08-a924-738ed333c001-1530369623192,https://www.google.com/,https://www.google.com/
000aba50-3c6b-4fb2-af04-3c915160a2c2-1532208761464,https://www.google.nl/,https://www.google.nl/
000a973d-ac29-4456-8c1e-4eb64a74d1ac-1543235638920,https://checkout.buckaroo.nl/html/redirect.ashx?r=A0651696900D4F83B8F18010AA25D450
000a75d9-2b55-447a-b10b-719b4ccd592b-1546195379473,https://www.google.com/,https://view.publitas.com/
000a88e3-20b1-408b-9d4b-fd6dec34f0b6-1546446444866,https://www.google.nl/
000ac100-b408-4944-9558-a5bd1fea43c3-1532417903499,https://www.google.nl/
000ac656-2512-4262-b4df-eee0a1573028-1543143620727,https://www.google.nl/
000acf5b-2eca-4e19-a4f2-a78b3b1d9027-1544536770205,https://www.google.be/
000ad8c5-606e-449a-aa4a-75d40413ee5a-1525177659966,https://www.google.nl/
000abb01-e2bb-4b3e-9477-4df5f3830b33-1526751744043,https://www.google.com/
000ab619-1535-49ce-bf12-18bfed8ee008-1544961182325,https://view.publitas.com/
000acd48-1fe2-4e49-b3a1-ed0f75fbd11b-1522141780756,https://view.publitas.com/op-op-voordeelshop/folder-op-op-voordeelshop-week-13/page/8-9?publitas_embed=embedded
000aa91d-93ab-4e4c-961b-fe30a188e231-1521116545440,https://www.google.nl/
000ab41b-1287-4260-8e33-15da68779328-1543431784805,https://www.google.nl/
000aeb8d-d535-404e-bfcf-f971a1900af3-1542545401507,https://www.cashze.nl/pages/ptc.php?blur=1&startpos=0
000b0c13-8a97-4355-b48b-d83ec4b5ad89-1533134528986,http://www.google.com/
000b270e-a446-4d1b-be00-7a10ea210ee5-1542724694831,https://www.google.nl/
000ad9a7-5eb1-4c68-8da8-dc2a4a2e1a23-1542482346612,https://www.google.com/,https://www.google.com/,https://www.google.com/
000b274e-7f7a-49ab-b11f-aa9922b1cc6b-1539022893045,https://www.google.nl/,https://www.google.nl/
000b31e0-ff7f-416f-85b3-be8141431409-1546333047450,https://www.google.com/
000b3724-fb08-491b-a7f1-128833cd590a-1534436309705,https://www.google.be/
000ae5cf-c93d-49c2-a44e-bb64e221e416-1538228147085,https://www.google.nl/,https://view.publitas.com/op-op-voordeelshop/folder-op-op-voordeelshop-week-39/page/2-3?publitas_embed=embedded,https://view.publitas.com/op-op-voordeelshop/folder-op-op-voordeelshop-week-39/page/2-3?publitas_embed=embedded,https://view.publitas.com/op-op-voordeelshop/folder-op-op-voordeelshop-week-39/page/2-3?publitas_embed=embedded,https://view.publitas.com/op-op-voordeelshop/folder-op-op-voordeelshop-week-39/page/2-3?publitas_embed=embedded,https://view.publitas.com/op-op-voordeelshop/folder-op-op-voordeelshop-week-39/page/2-3?publitas_embed=embedded,https://checkout.buckaroo.nl/html/redirect.ashx?r=073E847E1B9F4C3AAC75B8824183AD16
000b41ae-c3c5-483b-9cd3-35e6cce9c35c-1545321723505,android-app://com.google.android.googlequicksearchbox/https/www.google.com
000b5c7f-cb15-48f5-87d7-ad4b7f043b28-1529619109747,https://www.google.nl/,https://www.google.nl/
000b7488-d019-49ac-abfa-a6e1d2820e1d-1542279518035,https://www.cashze.nl/pages/ptc.php?blur=1&startpos=0
000a5272-1826-425a-9f40-f7871d8ca706-1533485710070,https://www.google.com/,https://www.google.com/,https://checkout.buckaroo.nl/html/redirect.ashx?r=BF5B52FF1E9A4EF4A429A84DD82859A8
000b5751-15ce-44d3-a979-eae13387d81c-1529087937391,https://view.publitas.com/op-op-voordeelshop/folder-op-op-voordeelshop-week-23-24-1/page/6-7?publitas_embed=maximized
000b2c68-e4e6-484f-8ca6-5c4e5898bc19-1542984378175,https://outlook.live.com/,https://outlook.live.com/,https://outlook.live.com/,https://outlook.live.com/,https://outlook.live.com/,https://outlook.live.com/,https://outlook.live.com/,https://outlook.live.com/,https://outlook.live.com/,https://outlook.live.com/
000b8179-03d1-4141-84d1-14e6320d3cab-1530355825241,https://www.google.nl/
000b79ec-3e55-400c-9e46-7cc5c62a934b-1524591149348,https://www.google.nl/,https://www.google.nl/,https://www.google.nl/
000b766d-adad-42cc-a0e1-f8c869e6bfdc-1522939556838,android-app://com.google.android.googlequicksearchbox
000b8311-f8a5-4da9-a76e-97b75e859e33-1523879692561,http://publicaties.reclamefolder.org/op-is-op-week16-18/page/4-5
000b833f-0f43-4f7f-a168-de4a08b2f459-1531124681371,https://www.google.nl/,https://www.google.nl/
000a7354-046f-4bef-b99c-3997fe80a0fb-1519732020946,https://www.google.nl/,https://checkout.buckaroo.nl/html/redirect.ashx?r=76CF1F9134434F708A970F9F9EBE0688
000ba1e0-8ba2-4987-a58d-39a79022e32d-1520249293920,https://outlook.live.com/,https://view.publitas.com/op-op-voordeelshop/folder-op-op-voordeelshop-week-10/page/2-3?publitas_embed=embedded
000bacca-d060-4683-8a35-6094d5208fd3-1530649824241,https://www.google.nl/,https://www.google.nl/
000bb6cb-1c81-4e55-b571-2e6190b5ff8d-1539171287730,https://www.google.nl/,https://www.google.nl/
000b9aea-5e2b-40cc-b4c5-e1d02b44dad4-1531899729909,https://www.google.nl/,https://view.publitas.com/op-op-voordeelshop/folder-op-op-voordeelshop-week-28-29/page/1?publitas_embed=embedded
000bbc12-02b6-4fa7-bf3f-44c9a204145e-1520782653407,android-app://com.google.android.googlequicksearchbox,android-app://com.google.android.googlequicksearchbox
000bcda5-5fc0-4079-9b91-f486706d9271-1533475573066,https://www.google.nl/,https://www.google.nl/
000bdaad-9a9e-42fb-93ff-3f9462fd555b-1527193061232,https://www.google.nl/
000bdaab-9bfc-4b2d-a8ca-c6f575f0d5c0-1524491219103,https://startgoogle.startpagina.nl/?ts=ts3&origin=homepage&query=op+is+op
000c08ac-ddfe-4005-95ff-54855730e84d-1529600558676,https://www.google.nl/
000be9fd-3eec-48d1-aee1-627b48d86a91-1529650342543,https://www.google.com/,https://www.google.com/
000c07c9-39c2-4f9d-841a-f2363c34df8a-1532254619647,https://www.google.nl/
000bdaeb-b9bf-4d51-86f1-916893f2416d-1532517114710,android-app://com.google.android.googlequicksearchbox,android-app://com.google.android.googlequicksearchbox,android-app://com.google.android.googlequicksearchbox
000c090d-0744-4491-91a0-aa1ced5f57bc-1543262709355,http://www.paddepoel.nl/op-is-op/,http://www.paddepoel.nl/op-is-op/
000c105a-109c-496a-aa31-b001ca7a7f1a-1536382591656,https://www.google.com/,https://www.google.com/
000c2820-0bd3-4ec0-820a-0a50f0720eda-1531679659468,https://www.google.com/
000c483a-518c-465f-9ea6-203f9123e635-1544984317541,https://www.kpnvandaag.nl/
000c335b-f8b5-4055-b1d6-9b9388c6ad05-1545245169354,https://view.publitas.com/
000c1f00-a108-4d25-995f-0e7879a6e21e-1521317350113,https://www.google.nl/
000c589d-1b8c-455e-9e7b-bdec118db065-1528540762016,http://www.paddepoel.nl/op-is-op/
000c6c76-c7be-4dd0-9a22-7503f6cc96c5-1532509655806,https://www.google.fr/
000c6b8f-d5c1-48b9-97c9-15d6dc34ea86-1522620322873,https://www.google.de/,https://www.google.de/
000c72ee-508d-4aab-b71e-f79284410170-1542214454433,https://outlook.live.com/
000c7496-c16c-4121-af0e-6a36576f0f53-1543428523462,https://www.google.nl/
000c8628-12d9-4c60-b6f7-dd9f8120d7fa-1531738633997,https://www.google.nl/
000c7a18-6b45-4e02-b002-873428c22d42-1532160585259,https://www.google.nl/,https://www.google.nl/
000c87e6-762e-47b0-a2a8-c8b8aa5d36b9-1519854835628,https://www.google.nl/
000c8a86-1acc-4a66-a997-37a8735179e1-1526110935599,https://www.google.nl/
000c72e7-7ef4-4c6f-803a-b2a84b99459f-1522248753115,https://www.google.nl/,https://www.google.nl/
000c99a9-a17d-4efb-ba00-8eb1c8e6198e-1530171114826,http://www.google.com/,http://www.google.com/
000c9d90-a5c0-41d2-aa2a-f778737602f6-1542139478549,https://www.google.nl/
000caac2-3d6c-477a-9853-88e0a4e82704-1538298869076,https://www.google.nl/
000caa53-6182-4294-b2e0-2913bd21cc67-1539081566710,https://www.google.nl/
000cb99b-beb1-4fde-bf58-42b2adfb7c06-1530372272784,https://www.google.nl/
000cbba2-d623-468e-badd-914dcc17c0c4-1545032032198,https://www.cashze.nl/pages/ptc.php?blur=1&startpos=0
000cbbba-ade7-485d-a158-c7d77a121823-1526334711911,https://www.google.nl/
000cbacf-b72d-4d8c-ad40-609cb2413b1f-1545356625159,https://www.google.com/
000cbef3-2b54-4fa4-8435-add7efa52b1c-1525935487662,https://www.google.nl/
000cfffe-1a6a-485d-845d-ab73c2157b54-1536749644273,https://www.google.com/
000cd312-957e-4637-bcd4-675e16f6073b-1531644217402,https://www.google.com/url?sa=t&rct=j&q=&esrc=s&source=web&cd=2&ved=0ahUKEwiBmdek26DcAhWHaVAKHVw1CxcQjBAILzAB&url=https%3A%2F%2Fwww.opisopvoordeelshop.nl%2Ffolder&usg=AOvVaw3SZ3V5IKKEDBduhRF6vnyq,https://www.google.com/url?sa=t&rct=j&q=&esrc=s&source=web&cd=2&ved=0ahUKEwiBmdek26DcAhWHaVAKHVw1CxcQjBAILzAB&url=https%3A%2F%2Fwww.opisopvoordeelshop.nl%2Ffolder&usg=AOvVaw3SZ3V5IKKEDBduhRF6vnyq
000d1204-e323-4873-a484-1cd681836659-1543755641359,https://view.publitas.com/
000d12a0-19ed-410f-8269-4f69b450aa69-1542786009563,https://www.google.com/
000cdd1e-f4c1-49f3-b2b5-0e93a2fc67df-1539030149299,https://view.publitas.com/op-op-voordeelshop/folder-op-op-voordeelshop-week-41-2018/page/2-3?publitas_embed=maximized,https://view.publitas.com/op-op-voordeelshop/folder-op-op-voordeelshop-week-41-2018/page/4-5?publitas_embed=maximized,https://view.publitas.com/op-op-voordeelshop/folder-op-op-voordeelshop-week-41-2018/page/4-5?publitas_embed=maximized
000d1ebc-3a63-4769-83ef-9a99357b9cc7-1535446633727,http://publicaties.reclamefolder.org/op-op-voordeelshop-week35-18/page/2-3,http://publicaties.reclamefolder.org/op-op-voordeelshop-week35-18/page/2-3
000d2acb-d4d9-4046-bf98-9841720822ba-1544725653290,https://www.google.nl/
000d3a5b-54ea-451f-a7fa-a33f045d602e-1542888017284,https://www.google.nl/
000d121a-2c86-4f25-958a-35620c0e579d-1544038594521,https://www.google.nl/
000d3341-8bbf-4e42-b37f-cab187d470f7-1531056766593,http://www.google.com/,http://www.google.com/
000d4cf7-9c23-415d-bd19-5d0e3de171ab-1543529074975,https://www.google.nl/
000d472a-b602-472d-9e40-81a78423d8d0-1540924099651,https://www.google.com/url?url=https://www.opisopvoordeelshop.nl/&q=op%3Dop&rct=j&sa=X&source=suggest&ct=res&oi=suggest_nav&usg=AOvVaw3vVU0Bm7_qgZ3qWEEb6bZb&oq=op=op&gs_l=mobile-gws-wiz-hp.1.4.0j46l2j0j5.1531.5605..6693...0.0..0.75.353.5......0....1.......3..41j0i131.Q909D7mFAJk
000d54e5-235e-4c01-bb8b-23ab111ea9cf-1536618972100,https://checkout.buckaroo.nl/html/redirect.ashx?r=70552460CC95419E884FCD6045347107
000d7265-114f-4dd6-85cb-623d284a443c-1542183268398,https://www.google.com/
000d62d9-80e7-4554-9803-ac14217a1893-1540605763084,https://www.google.nl/
000d9495-9c10-4c9d-87ea-eee024f6bb97-1523170301976,https://www.google.nl/,https://www.google.nl/
000d9d73-b37a-4a3c-8121-2854fe330a83-1526477187172,https://opisopvoordeelshop.us7.list-manage.com/unsubscribe/post
000d9b76-a173-423a-b135-28a50b0a4c64-1526727307689,https://www.google.nl/
000da3b5-dd53-47ac-a368-c5f1794a20ee-1538552836298,https://www.google.nl/,https://www.google.nl/
000dae86-3696-4520-b1cb-eacf09e86d84-1526805111043,http://publicaties.reclamefolder.org/op-op-voordeelshop-week21-18/page/6-7
000db5e3-8568-4390-a7cc-ae4dd3d19fda-1532856337849,http://publicaties.reclamefolder.org/op-op-voordeelshop-week31-18/page/2-3
000dc343-cdd5-49b8-8ad5-e3c97afd401f-1546245973451,https://www.google.com/
000dbd14-7064-4388-bc4e-aa88367cb2cb-1544823701885,https://www.google.com/
000d984a-5dd0-4646-83b8-8374dc295739-1525165635703,https://duckduckgo.com/
000dd1ad-17af-4c6d-a243-cbf2cc052744-1544622209392,https://www.google.com/
000dc764-2b2f-4950-b0a6-74e298f61c66-1526127212578,http://www.google.com/,https://view.publitas.com/op-op-voordeelshop/folder-week-19-op-op-voordeelshop-1/page/1?publitas_embed=maximized,https://view.publitas.com/op-op-voordeelshop/folder-week-19-op-op-voordeelshop-1/page/8?publitas_embed=maximized
000dc4b7-84bd-4064-8a33-130c986041e1-1523291927094,https://www.google.nl/,https://www.google.nl/
000def66-4ea3-4ff0-90d9-508d3097ae65-1531317327921,https://www.google.nl/,https://www.google.nl/
000de5b9-d968-44cc-8412-38d10dc628c7-1538596938936,https://www.google.nl/
000e0d33-2f47-4f1e-adc3-be77c99d568d-1535532810395,https://www.google.nl/
000e12ae-0bf8-4736-81c7-5fa22d9eeeb5-1522959873192,https://www.google.nl/
000e0ddc-712d-4d4a-9ab7-ed39cbd6a5fd-1546178049464,https://www.google.nl/
000df1d9-7fac-4ca4-8751-d42eead4752a-1536527938725,https://www.google.nl/
000e2f0c-670d-4018-b3e6-c9fc401f4bba-1536069052646,android-app://com.google.android.googlequicksearchbox
000e3a17-b916-4634-b726-666d4635ebff-1539628065543,https://www.google.nl/
000e52ef-02b7-4860-b5ea-98a2c08c5781-1531765735621,http://www.google.com/
000e5419-c138-4f1d-a70d-08383872cf0d-1542544352979,https://view.publitas.com/op-op-voordeelshop/op-op-voordeelshop-folder-black-friday-week-47/page/4-5?publitas_embed=maximized
000e3f66-7b66-4a69-ad99-ff460b26877d-1529360269480,https://www.google.nl/
000e6a95-296a-4418-b659-105ff4f6481c-1542211227584,https://www.google.nl/
000e5dca-1611-4da8-8228-47172e04cb06-1533827005273,https://www.google.nl/,https://www.google.nl/
000e62bf-f15e-487a-941e-87918c7c5ff7-1531123780223,http://publicaties.reclamefolder.org/op-op-week28-18/page/2-3,http://publicaties.reclamefolder.org/op-op-week28-18/page/2-3,http://publicaties.reclamefolder.org/op-op-week28-18/page/4-5
000e7227-eab0-4ecd-b00f-9e8c926adaa5-1529078173096,https://www.google.nl/url?sa=t&rct=j&q=&esrc=s&source=web&cd=1&ved=0ahUKEwiFrY3phdbbAhUNalAKHWtxBoEQFgguMAA&url=https%3A%2F%2Fwww.opisopvoordeelshop.nl%2Ffolder&usg=AOvVaw3SZ3V5IKKEDBduhRF6vnyq
000e8e23-b130-436b-9127-1c8135fb1944-1536945852635,https://www.google.nl/
000e8517-fe89-4d71-bc32-6b23bfd60f8e-1537905626217,https://www.bing.com/search?q=opisopvoordeelshop&form=EDGEAR&qs=AS&cvid=c167d737c5794bd4a15da02742d73f31&cc=BE&setlang=nl-NL&PC=ASTS
000ea6f1-5d0e-4657-ad3d-242db05310a4-1530738726184,https://www.google.nl/
000e8e31-84d1-4790-83a8-584240d27ce3-1527417780379,https://www.google.com/
000eba64-0bce-4e67-97d4-bf6a22517149-1534861184455,https://mailchi.mp/
000eb48b-c0d1-4b9d-836a-ede5cd0be0c4-1536275283718,https://www.google.com/
000ebfac-89a3-42ad-b18c-3c58fad29c84-1528131899942,https://www.google.nl/,https://www.google.nl/
000edbf6-a709-47be-b4a7-3ddd53afb20b-1530955339267,https://www.cashze.nl/pages/ptc.php?blur=1&startpos=0
000ef950-69fb-4f92-9dd9-ce9d9cbeec48-1527623784641,https://www.google.nl/,https://www.google.nl/
000ed88f-8926-4260-bc45-f956950e591b-1537205133666,https://www.google.nl/,https://www.google.nl/,https://www.google.nl/
000f1c09-5bad-4977-9336-ca0ef8f661bd-1529961385734,https://www.google.com/
000efd25-78e2-4212-b1ab-aa27029b5a3b-1534673392747,https://checkout.buckaroo.nl/html/redirect.ashx?r=ABEE1199B109476397A97F717F945F0E
000f2bfc-251d-48a6-ac5b-9805af50293e-1544626891239,https://www.google.nl/
000f3c82-4a70-4ecc-80bd-98de5f90666d-1542032205420,https://outlook.live.com/
000f2cb2-1734-45fe-b2fb-a8065f97411a-1542909957585,http://instagram.com/,http://instagram.com/
000f2e7c-d62f-4a4d-a278-d196efb9ad3d-1522269758096,https://www.google.nl/,https://www.google.nl/
000f7822-1594-4051-a87f-78bce6acef39-1543509960466,https://www.google.nl/
000f7493-a91f-49c9-8b40-bb69ff38e262-1529782361092,https://www.google.com/
000f8633-27c0-4018-80a5-d26de012b1d8-1521710332937,https://www.google.nl/url?sa=t&rct=j&q=&esrc=s&source=web&cd=1&ved=0ahUKEwizlYPczP_ZAhVMJFAKHUPvA5sQFggoMAA&url=https%3A%2F%2Fwww.opisopvoordeelshop.nl%2F&usg=AOvVaw1meU9n6Z5OkEnjXiUAhwR3
000f87b2-394b-49c7-8cc8-c3716c64af01-1543908581913,https://www.google.nl/
000f8b8d-9855-4cf7-8a4e-bf34deff4f5f-1534178520220,https://www.google.nl/
000f8b2e-bdf2-4ffd-abd7-e175f95299fe-1543751418202,http://m.facebook.com/
000f8f1b-7d71-487a-a2e1-e948b236b991-1529829938178,https://www.google.nl/
000f9b00-c611-47d7-a702-1b6f1488db2c-1528750727930,https://www.google.nl/
000f5b76-528e-4322-9408-fcd8d99c1085-1526550322772,https://www.google.fr/,https://view.publitas.com/op-op-voordeelshop/folder-op-op-voordeelshop-week-20-1/page/4-5?publitas_embed=maximized,https://view.publitas.com/op-op-voordeelshop/folder-op-op-voordeelshop-week-20-1/page/4-5?publitas_embed=maximized
000fa5ce-e5d1-4b30-ae27-c8e4c890c2b8-1539169389958,https://www.google.nl/url?sa=t&rct=j&q=&esrc=s&source=web&cd=14&ved=2ahUKEwiPo5e52vvdAhVJ-6QKHZQ0BBMQFjANegQIAxAB&url=https%3A%2F%2Fwww.opisopvoordeelshop.nl%2Fgliss-kur-total-hair-repair-19-anti-klitspray-200-ml&usg=AOvVaw1jRGGlEHjdy0M_tNlXLP6g
000fa824-3b1b-4419-a084-964b578cb506-1527372304360,https://www.google.com/,https://www.google.com/
000f8c98-0a27-4f50-a8bb-ed3d5697feec-1535454873092,https://www.google.nl/
000f8f28-5d91-4918-86b7-4bd1a0b66e5b-1535459522968,https://www.spotta.nl/folder/op-op-voordeelshop-week-35-2018,https://www.spotta.nl/folder/op-op-voordeelshop-week-35-2018
000fc3c1-9924-43f3-8fe8-b72af860403a-1534525458292,https://www.google.nl/
000fcce4-4472-47fc-a9e3-3a6ee1ff6c97-1540191761131,https://www.google.com/
000fb092-bedb-4911-8837-1175d4426e39-1520976720710,android-app://com.google.android.googlequicksearchbox
000f59ff-a878-41f5-aec1-ed119da8dd00-1534431001692,https://www.google.com/,https://www.google.com/,https://www.google.com/
00102e6f-8507-413e-ae4b-99e5cc8411c8-1544567753565,https://www.google.com/
00103a03-5c86-4096-a37d-19668d4f1d71-1524324986076,https://www.google.nl/
001034d5-47eb-4f48-bc3b-dc38d3cb5860-1537296793865,https://www.google.nl/
00104472-270c-4f65-97be-aa6c095bf0e4-1533812907207,https://www.google.nl/
001044e1-e5b4-4db9-b4cb-059ee11baae3-1539869679345,https://www.google.nl/,https://www.google.nl/
00104f59-31c5-4b6a-a992-0bcdb551e516-1527528746718,android-app://com.google.android.gm,android-app://com.google.android.gm
00105c4e-a423-4ead-9006-6e81117382e8-1543833251853,https://www.google.nl/
0010131a-0865-46b6-b3dc-e177c6dfb6e0-1530128307365,https://www.google.com/,https://www.google.com/
00106f69-5d7d-4097-84c7-9097342b6430-1532536439947,https://www.google.nl/
0010687a-4892-441d-8a31-b40c6a6eacfe-1531506355280,https://www.google.nl/,https://www.google.nl/
00108549-081a-4459-9ed5-e3775ca39442-1538562439856,https://www.google.com/
00107dcd-bb3f-44ea-b79d-c2948cc7e609-1532675460229,android-app://com.google.android.googlequicksearchbox,android-app://com.google.android.googlequicksearchbox
00105cf5-d23f-44b2-a316-9891750a33b3-1521473144603,android-app://com.google.android.googlequicksearchbox,android-app://com.google.android.googlequicksearchbox
00109bb8-62a5-4ac2-9ded-3cdbefe9f8c7-1522680233940,https://www.google.se/
0010a0a4-5364-48dc-841b-f850e7155a5b-1543516469645,https://www.google.com/
001077dd-5b98-4fc0-a622-aedb51fcbd27-1538544677585,https://www.google.com/,https://www.google.com/,https://www.google.com/,https://www.google.com/,https://www.google.com/
0010a7dc-49de-4042-970c-965cdb3e2536-1522080393307,https://www.google.com/url?q=https://opisopvoordeelshop.us7.list-manage.com/track/click?u%3Deac21e77783815f178ae8d506%26id%3D5908fadc3b%26e%3D2190c81aae&source=gmail&ust=1522166742279000&usg=AFQjCNFqtVs08TAca7DKhHuCd04scXYV6g&sa=D
0010deed-5256-4128-b9e2-6702b5692a2f-1543009119116,https://outlook.live.com/
0010d1af-9485-49aa-97e1-c28ba359ac0c-1537608169786,https://www.google.nl/
0010f0a7-7729-48fe-8c2f-4add4c04a751-1520712939481,https://www.google.nl/
0010bee2-1a21-4231-8f2c-3f6a14803632-1528620178230,https://www.google.nl/url?sa=t&rct=j&q=&esrc=s&source=web&cd=1&ved=0ahUKEwiluK7v2cjbAhWNaVAKHUEuC7gQFggnMAA&url=https%3A%2F%2Fwww.opisopvoordeelshop.nl%2F&usg=AOvVaw1meU9n6Z5OkEnjXiUAhwR3,https://www.google.nl/url?sa=t&rct=j&q=&esrc=s&source=web&cd=1&ved=0ahUKEwiluK7v2cjbAhWNaVAKHUEuC7gQFggnMAA&url=https%3A%2F%2Fwww.opisopvoordeelshop.nl%2F&usg=AOvVaw1meU9n6Z5OkEnjXiUAhwR3
0010f71b-0b2d-4bb5-a2d5-06a289f324fe-1541845513752,https://www.google.com/
0010fa0d-7e3c-4f74-8c00-75b88f00c2d2-1541183105346,https://www.google.nl/
0010f758-6101-41bc-ad7f-31258e584aed-1546801694963,https://www.google.com/
00110391-a013-47c3-b315-8ca5a1d7a38f-1522318300838,https://www.google.nl/,https://www.google.nl/
00111ee5-1ecd-4c42-a2fb-3e0a12c0ddae-1527940790738,http://www.google.nl/
00112772-36da-4352-b4ac-0d7dec1a7b16-1524848116815,https://www.google.nl/,https://www.google.nl/
00112c58-ddd7-4805-8b71-cd0acd28184c-1537174117227,https://www.google.nl/
0010e57a-ebb0-4fd4-997f-21643fedc94d-1536669007995,https://www.google.com/
0011318c-1300-4d00-b05d-23d5d0ddd54c-1543960903151,https://www.google.be/
00113e6e-5b2b-43f6-8c15-21e67f8f2f68-1539353725787,android-app://com.google.android.gm
00112fb0-7fb2-42f8-bb29-3abe7ef7ae58-1527107112856,https://www.google.nl/,https://www.google.nl/,https://www.google.nl/,https://www.google.nl/
00115236-f9be-4891-8eed-d8d51ae71926-1531248255889,https://www.google.nl/
00117b91-0f72-4f07-961a-84ddab0e6087-1541418267802,https://view.publitas.com/op-op-voordeelshop/folder-op-op-voordeelshop-week-44-2018-p64k7jb6d9mb/page/3?publitas_embed=maximized
00118fc7-f41c-44da-b0f7-2283c8fd3af5-1535720501899,https://www.google.nl/
00118e92-a2b4-451c-97f4-42b820439c3a-1532176851792,https://www.google.nl/
00116de9-cb0d-4d86-acad-09fec351984a-1533541062566,https://www.google.com/,https://www.google.com/
00114a62-da09-4999-9feb-e2244cfac1c0-1523730159954,https://www.google.nl/,https://www.google.nl/
0011ac16-6884-4a17-bbfd-47339d56461b-1524226898683,https://www.google.nl/
00119c49-4057-4f04-a4fc-fa13e1b256ac-1524396640970,https://www.google.nl/,https://www.google.nl/
0011aa5f-e7e2-4635-8167-c951139e43b5-1542234339471,https://www.google.nl/,https://www.google.nl/
0011f697-51b6-40cc-9cbe-c2082dea6217-1536481864619,https://www.google.nl/
0011dc13-1ff1-482c-8e43-2ad304686350-1531755102439,https://www.reclamefolder.nl/aanbieding/nivea
0011ff09-efdc-4217-83ee-f016659264d6-1525513323170,https://www.google.com/
00121121-5846-4023-90b8-ef197192bb49-1526545586957,https://www.google.nl/,https://www.google.nl/
00123596-2f85-45a8-b359-f2f136de193b-1531224776848,https://www.google.nl/,https://www.google.nl/
0012328d-2230-4698-8168-e0e845ab3c78-1531429771190,http://m.facebook.com
00125bfd-d15a-40c4-99ec-14ddeb4b8eee-1543232735938,https://www.cashze.nl/pages/ptc.php?blur=1&startpos=0
0012317d-7064-4828-8b8b-954af6132dd3-1537208757284,https://www.google.nl/url?sa=t&rct=j&q=&esrc=s&source=web&cd=1&ved=2ahUKEwj60bTm1MLdAhUHPVAKHY2GA3oQFjAAegQIARAB&url=https%3A%2F%2Fwww.opisopvoordeelshop.nl%2Fpersil-waspoeder-progress-4400gr-80sc&usg=AOvVaw2bcEJZ5_fzoIFo882MzAgW,https://www.google.nl/url?sa=t&rct=j&q=&esrc=s&source=web&cd=1&ved=2ahUKEwj60bTm1MLdAhUHPVAKHY2GA3oQFjAAegQIARAB&url=https%3A%2F%2Fwww.opisopvoordeelshop.nl%2Fpersil-waspoeder-progress-4400gr-80sc&usg=AOvVaw2bcEJZ5_fzoIFo882MzAgW
001270d7-20f7-4f8f-bf4e-6556875c5ca2-1540123869827,https://view.publitas.com/
00128602-da60-46fd-84c2-aa28c32247d0-1542486763849,https://www.google.nl/
00128468-7393-41dd-b07e-0324b9f7b371-1533490914770,https://www.google.com/
00114937-4a46-4430-9745-633a52830201-1544721359077,https://www.ippies.nl/click/?shop=7341&loc=spaarhulp,https://www.ippies.nl/click/?shop=7341&loc=spaarhulp
00127afd-8813-4b39-900d-948047abd29a-1545235140939,https://www.google.nl/,https://www.google.nl/,https://www.google.nl/,https://www.google.nl/,https://www.google.nl/,https://www.google.nl/
00129009-b929-4fc1-9320-b8a0795099dc-1537304531558,https://www.google.nl/,https://www.google.nl/
00123c18-7f1b-4322-96b7-5350dbd73c73-1542033071841,https://view.publitas.com/,https://view.publitas.com/,https://view.publitas.com/,https://view.publitas.com/,https://view.publitas.com/
0012cab8-90e4-4afc-90c0-e2835a49a370-1546721681358,android-app://com.google.android.googlequicksearchbox/https/www.google.com,android-app://com.google.android.googlequicksearchbox/https/www.google.com
00126a92-8fce-41d3-bed7-e13af04b1c36-1537789477392,https://www.google.nl/,https://checkout.buckaroo.nl/html/redirect.ashx?r=5DE37180095F4FB3984E4EA66F233109,https://checkout.buckaroo.nl/html/redirect.ashx?r=5DE37180095F4FB3984E4EA66F233109
001296f7-6b52-4a0c-963f-ab89308c9bea-1539618858814,https://www.google.com/,https://www.google.com/,https://www.google.com/
0012f824-2ec9-4b5d-98e9-0d3edd71d1a3-1532952039678,https://www.google.nl/
001322db-4ba8-4823-9a2c-df448ff868fb-1535810156781,https://www.bing.com/
0012de7f-8091-47ba-96fe-80d149f8c649-1545168349523,https://www.google.com/,https://www.google.com/,https://www.google.com/,https://www.google.com/,https://www.google.com/
0013327c-ca46-44f3-8973-5455b97e4e58-1544955909114,https://www.spotta.nl/folder/op-op-week-50-tm-52-2018?startpage=1
00129f6f-d804-4013-9971-cb39cb7f356a-1544777947596,https://www.google.nl/
00130388-e138-4967-bd92-f4b713572236-1524756564994,https://www.google.nl/,https://www.google.nl/,https://www.google.nl/
001349d3-f48f-42be-bfa5-5efa3a52b8f9-1536524159910,https://www.google.nl/
001336ad-04d7-41c5-8f39-127296e3baf4-1535005948399,https://www.google.com/
0013090b-7c8d-4cdb-8b95-38340539910d-1524223219728,"https://www.google.nl/search?q=wasverzachter+aanbieding&client=safari&sa=X&hl=nl-nl&biw=375&bih=553&tbs=vw:l,ss:44&tbm=shop&prmd=sivn&srpd=10802501455509401395&prds=num:1,of:1,epd:17022019485262968691,paur:ClkAsKraX-S6vIAoDUCb9u9rfZP63_Wn_GNfzi5jVHaqNObalOOC2fOeAQHK9eFpdAGIQHtj-YrgoyILxUtsUbZjFIDrNkBjrgdJ2xvWmJnRvEggYLRWJzAabBIZAFPVH70JOWOI3AAaT72C5JLIMKhw47DW4g,cid:18398967952100458113&ved=0ahUKEwii7cHb3cjaAhXOaVAKHY1KBqUQgjYI-wM"
0012cded-3a1a-4742-9403-25f4295c75b9-1525127476544,https://www.google.nl/
00133e77-20dc-4ea0-8df8-5e8c5ea7cfc9-1522180097443,https://www.google.be/,https://view.publitas.com/op-op-voordeelshop/folder-op-op-voordeelshop-week-13/page/1?publitas_embed=maximized,https://view.publitas.com/op-op-voordeelshop/folder-op-op-voordeelshop-week-13/page/1?publitas_embed=maximized,https://view.publitas.com/op-op-voordeelshop/folder-op-op-voordeelshop-week-13/page/1?publitas_embed=maximized
001344dd-8477-40ea-a637-26725e520609-1539634740781,https://www.spydeals.nl/opisopvoordeelshop/aanbiedingen/kraft-mayonaise-pot-750ml-voor-33-cent-ps-bij-3-stuks-83845,https://www.spydeals.nl/opisopvoordeelshop/aanbiedingen/kraft-mayonaise-pot-750ml-voor-33-cent-ps-bij-3-stuks-83845,https://www.spydeals.nl/opisopvoordeelshop/aanbiedingen/kraft-mayonaise-pot-750ml-voor-33-cent-ps-bij-3-stuks-83845,https://view.publitas.com/op-op-voordeelshop/folder-op-op-voordeelshop-week-42-2018/page/1?publitas_embed=maximized,https://view.publitas.com/op-op-voordeelshop/folder-op-op-voordeelshop-week-42-2018/page/1?publitas_embed=maximized
0013573d-bd22-4ca2-a41a-f02d6b180bd5-1545052239378,https://www.google.com/
00134afd-ba82-4ac9-8d62-663151d391ef-1528678028662,https://www.google.nl/,https://www.google.nl/,https://www.google.nl/
00134cf7-011e-406d-9c78-80faac76c0ef-1523786394581,android-app://com.google.android.googlequicksearchbox
00136929-2d40-4930-a0d6-3c477cb504e3-1540658480630,https://www.google.nl/
00135fc2-3580-4478-87cf-77337b397bb0-1537611878857,https://www.google.com/
00135b20-356d-44a2-8c75-e1b6ede68a02-1528102119820,https://www.google.nl/,https://www.google.nl/
001376f4-3384-4174-a054-982fccff22d1-1543229215225,http://m.facebook.com/,http://m.facebook.com/,http://m.facebook.com/
00137c65-37ba-4a87-b8b2-23607ceb7693-1543008438146,https://www.google.nl/
001384c4-3cc4-47b5-b0fc-9326988b1118-1545234931487,https://m.facebook.com/
001399e8-872a-4809-ba1d-1d675bd4c9f6-1520414405488,https://publicaties.reclamefolder.org/op-is-op-week10-18/page/8-9
00134abc-8cdc-4f2d-a400-9c9e48c0a891-1528629378130,https://checkout.buckaroo.nl/html/redirect.ashx?r=F0BA8E3453BC45A78FF5301AE0F568EA,https://checkout.buckaroo.nl/html/redirect.ashx?r=F0BA8E3453BC45A78FF5301AE0F568EA
0013a699-fe76-4a38-b116-e3e82750edf2-1538588789873,android-app://com.google.android.googlequicksearchbox/https/www.google.com
0013af13-c6e7-4648-b3b0-9e01923ef55a-1538459878668,https://www.google.nl/
0013c175-90f1-4310-80ef-de9d11757ea5-1537774840345,https://www.google.com/
0013cce0-efc9-4f70-9fa9-01e3591658ed-1544452546291,https://www.google.nl/
0013d038-37c8-4db7-93a0-e0bc3017621b-1532242349111,https://www.google.com/,https://www.google.com/
0013dfef-2975-4106-9ffa-d7eca401ed75-1543742649174,https://www.google.com/
0013d2fd-38f1-4caf-9e17-c3c23c1b6d10-1541160395220,https://www.google.nl/
0013f4ee-35b6-4727-9f80-27ffa45fd0c3-1539200518483,https://www.google.com/
0013ad85-4b36-41a2-a092-8b2cca228c37-1525909632777,android-app://com.google.android.gm,android-app://com.google.android.gm
0013f62c-3f52-42ff-8ef8-63ef192f27ab-1524647242668,https://www.google.nl/
0013f86b-5b5f-48df-a729-0d89034794e3-1520027898936,http://www.google.com/
001452ee-7108-41bd-b0bb-0e092671f325-1522412642196,https://www.google.nl/
00140b71-dd9d-42af-a066-3cf4690a38a7-1524123555740,https://www.google.nl/url?sa=t&rct=j&q=&esrc=s&source=web&cd=14&ved=0ahUKEwiu_rqo6sXaAhUQb1AKHdizBLkQFghdMA0&url=https%3A%2F%2Fwww.opisopvoordeelshop.nl%2Fmr-muscle-staalfix-reiniging-200-ml&usg=AOvVaw0v4VKIWdhBuoGtXeKqv09i
00144b76-6edf-488b-904b-a1609ad8862b-1537704834095,https://www.google.com/
00143235-7416-4942-8d10-431a08a62794-1537125899329,https://www.google.be/
0014609c-a315-46f2-ba56-5d0b2f38eb0a-1527688644869,https://www.google.nl/
00146f6d-9d74-4c0a-b9c3-ceadd7698cc9-1539802304749,https://www.cashze.nl/pages/ptc.php?blur=1&startpos=0
00146659-938b-42cc-b4ed-a1dc47f7d944-1530040911540,https://www.google.nl/
0014927b-d9e4-4be3-ac2c-52ca0be51836-1530105257143,https://www.google.com/,https://www.google.com/,https://www.google.com/
00148af2-b811-43a5-9fa3-72b4ca62d887-1545954593902,https://www.google.nl/
0014b993-3005-428d-9efa-b7d60355a766-1534088824161,https://www.google.com/
001490b1-3427-4328-8f58-def77085f4d1-1529314109804,https://www.google.com/,https://www.google.com/
00145dea-154f-4f8f-b1b4-834fddae4358-1525276642560,android-app://com.google.android.googlequicksearchbox,android-app://com.google.android.googlequicksearchbox
001491fb-e8d7-4552-a899-db8f98a85f6e-1525066960740,https://www.google.nl/,https://www.google.nl/
0014a7ab-8e75-45b4-bcd7-eaa5d5cd0548-1539707321789,https://www.google.be/,https://www.google.be/
0014b343-593c-4934-9069-ef03972898a0-1525193733973,https://view.publitas.com/op-op-voordeelshop/folder-op-op-voordeelshop-week-18/page/8-9?publitas_embed=maximized,https://view.publitas.com/op-op-voordeelshop/folder-op-op-voordeelshop-week-18/page/8-9?publitas_embed=maximized
0014c5d1-bc32-44fe-85a6-2304fb4dbde2-1527088578283,http://www.google.com/,http://www.google.com/
0013a183-2f6d-42d4-93f4-33273fddcbc6-1539944017954,https://www.google.nl/,https://checkout.buckaroo.nl/html/redirect.ashx?r=5946D48D16824EBEB6AB50753CBD67C9
0014c115-f234-4759-9d4b-626478de037a-1543241637131,https://www.google.nl/
0014be83-af2f-4a65-9a36-d509bdfe1167-1533154721695,https://www.google.nl/
0014ee3e-895e-4824-b3fc-c408436d5f1b-1538403557117,https://outlook.live.com/
0014f9d5-3022-4b54-997b-190fca5f2a26-1525898995906,http://www.enligo.com/nl/nl/directing/opisopvoordeelshop.nl/237282314
0014efa2-35ba-408f-9795-46e30ba7c9d7-1537705384955,https://www.google.nl/url?sa=t&rct=j&q=&esrc=s&source=web&cd=1&ved=2ahUKEwic2pf3jtHdAhVE6qQKHU5tCMEQFjAAegQIBRAC&url=https%3A%2F%2Fwww.opisopvoordeelshop.nl%2F&usg=AOvVaw1meU9n6Z5OkEnjXiUAhwR3
001504f2-cc85-496d-a26a-176c3e160437-1541359396625,https://www.google.com/
